,AAPL,MSFT,GOOGL,JPM,TSLA,^GSPC
AAPL,1.0,0.6209979009294875,0.5835352301000669,0.392229589447183,0.5075068771071176,0.7690297791652984
MSFT,0.6209979009294875,1.0,0.6251045357806914,0.35711020536382837,0.42696735312408424,0.7616847499072489
GOOGL,0.5835352301000669,0.6251045357806914,1.0,0.34031221350118307,0.4387301711349208,0.6885429743078191
JPM,0.392229589447183,0.35711020536382837,0.34031221350118307,1.0,0.34784305386111086,0.6414841832231792
TSLA,0.5075068771071176,0.42696735312408424,0.4387301711349208,0.34784305386111086,1.0,0.5935830181501278
^GSPC,0.7690297791652984,0.7616847499072489,0.6885429743078191,0.6414841832231792,0.5935830181501278,1.0
