Metric,Value
Initial Investment,1000000.0
VaR 95%,738620.9034822934
VaR 99%,625553.5302873881
